{"nodes":{"node:0":{"location":{"x":-163,"y":80}},"node:2":{"location":{"x":-36,"y":112}}},"selection":null,"view":{"scroll":{"x":-839.37762451171875,"y":-263.75274658203125},"visible_rect":{"max":{"x":425.848968505859375,"y":276.89892578125},"min":{"x":-335.751068115234375,"y":-105.501106262207031}},"zoom":2.4999997615814209}}